,Category,SubCategory,Name,Image_url,Url,Safety,Natural,CCal,Quality,Evaluation
0, Рыба и морепродукты , Рыбные консервы ,Сардина натуральная «Балт-Фиш плюс» с добавлением масла,https://roscontrol.com/files/images/products/00/bb/00bb400df541531893bd_product_category_2a6aa128.jpg,https://roscontrol.com/product/sardina-naturalnaya-balt-fish-plyus-s-dobavleniem-masla/,23,65,57,79,55
1, Рыба и морепродукты , Рыбные консервы ,Сардина натуральная «5 морей» с добавлением масла,https://roscontrol.com/files/images/products/fc/a4/fca4d56a20f97f39b3d4_product_category_2a6aa128.jpg,https://roscontrol.com/product/sardina-naturalnaya-5-morey-s-dobavleniem-masla/,71,65,66,94,76
2, Рыба и морепродукты , Рыбные консервы ,Сардина натуральная «Балтийский невод» с добавлением масла,https://roscontrol.com/files/images/products/dc/04/dc041c4e653caec9b767_product_category_2a6aa128.jpg,https://roscontrol.com/product/sardina-naturalnaya-baltiyskiy-nevod-s-dobavleniem-masla/,72,75,58,67,68
3, Рыба и морепродукты , Рыбные консервы ,Сардина натуральная «Мореслав» с добавлением масла,https://roscontrol.com/files/images/products/6b/3c/6b3c5dbe4a449865705f_product_category_2a6aa128.jpg,https://roscontrol.com/product/sardina-naturalnaya-moreslav-s-dobavleniem-masla/,65,75,62,87,73
4, Рыба и морепродукты , Рыбные консервы ,Сардина натуральная Fish House с добавлением масла,https://roscontrol.com/files/images/products/21/fc/21fc40d05f6e7240219f_product_category_2a6aa128.jpg,https://roscontrol.com/product/sardina-naturalnaya-fish-house-s-dobavleniem-masla/,75,65,62,87,74
5, Рыба и морепродукты , Рыбные консервы ,Сардина натуральная «Красная цена» с добавлением масла,https://roscontrol.com/files/images/products/11/f4/11f47fc8b70f889f0b7a_product_category_2a6aa128.jpg,https://roscontrol.com/product/sardina-naturalnaya-krasnaya-tsena-s-dobavleniem-masla/,72,65,57,64,65
6, Рыба и морепродукты , Рыбные консервы ,"Печень трески ""Морской котик""",https://roscontrol.com/files/images/products/b5/fa/b5fa365a56e3a1f977e1_product_category_2a6aa128.jpg,https://roscontrol.com/product/pechen-treski-morskoy-kotik/,47,65,21,71,53
7, Рыба и морепродукты , Рыбные консервы ,"Печень трески ""5 морей""",https://roscontrol.com/files/images/products/b5/ac/b5accd2e481aaf86038e_product_category_2a6aa128.jpg,https://roscontrol.com/product/5-morey-1/,64,65,35,92,67
8, Рыба и морепродукты , Рыбные консервы ,Тунец консервированный Fortuna,https://roscontrol.com/files/images/products/64/0f/640f403566845b1d378e_product_category_2a6aa128.jpg,https://roscontrol.com/product/tunets-konservirovanniy-fortuna/,77,65,46,72,67
9, Рыба и морепродукты , Рыбные консервы ,"Тунец консервированный ""5 морей""",https://roscontrol.com/files/images/products/94/b2/94b2346a60a2ee01e93f_product_category_2a6aa128.jpg,https://roscontrol.com/product/tunets-konservirovanniy-5-morey/,80,70,51,65,68
10, Рыба и морепродукты , Рыбные консервы ,"Тунец консервированный ""Белый кит""",https://roscontrol.com/files/images/products/3d/80/3d801a44a85ad457956a_product_category_2a6aa128.jpg,https://roscontrol.com/product/tunets-konservirovanniy-beliy-kit/,80,70,47,71,69
11, Рыба и морепродукты , Рыбные консервы ,Тунец консервированный Fish House,https://roscontrol.com/files/images/products/97/b8/97b845eb063b01596ef3_product_category_2a6aa128.jpg,https://roscontrol.com/product/tunets-konservirovanniy-fish-house-2/,75,70,37,71,65
12, Рыба и морепродукты , Рыбные консервы ,"Тунец консервированный ""Барс""",https://roscontrol.com/files/images/products/93/2a/932a863cf9331d38b9cb_product_category_2a6aa128.jpg,https://roscontrol.com/product/tunets-konservirovanniy-bars/,67,70,46,67,63
13, Рыба и морепродукты , Рыбные консервы ,"Килька в томатном соусе ""Совок""",https://roscontrol.com/files/images/products/5c/3d/5c3d16178cac28b1b751_product_category_2a6aa128.jpg,https://roscontrol.com/product/kilka-v-tomatnom-souse-sovok/,83,65,51,78,72
14, Рыба и морепродукты , Рыбные консервы ,Килька в томатном соусе Keano,https://roscontrol.com/files/images/products/e5/ab/e5abb99f5080c8a681c3_product_category_2a6aa128.jpg,https://roscontrol.com/product/kilka-v-tomatnom-souse-keano/,84,60,43,71,67
15, Рыба и морепродукты , Рыбные консервы ,"Килька в томатном соусе ""Ультрамарин""",https://roscontrol.com/files/images/products/b5/b6/b5b67a5bccedfa6d09c5_product_category_2a6aa128.jpg,https://roscontrol.com/product/kilka-v-tomatnom-souse-ultramarin/,85,65,45,61,66
16, Рыба и морепродукты , Рыбные консервы ,"Килька в томатном соусе ""5 морей""",https://roscontrol.com/files/images/products/b8/7a/b87a936e2986e1f9b3f4_product_category_2a6aa128.jpg,https://roscontrol.com/product/kilka-v-tomatnom-souse-5-morey/,87,60,45,71,68
17, Рыба и морепродукты , Рыбные консервы ,"Килька в томатном соусе ""Вкусные консервы""",https://roscontrol.com/files/images/products/3b/9f/3b9f8985adbf1c206427_product_category_2a6aa128.jpg,https://roscontrol.com/product/kilka-v-tomatnom-souse-vkusnie-konservi/,84,60,40,63,64
18, Рыба и морепродукты , Рыбные консервы ,"Сайра тихоокеанская ""Море внутри"" натуральная",https://roscontrol.com/files/images/products/e1/de/e1de60a15494be5a68d6_product_category_2a6aa128.jpg,https://roscontrol.com/product/sayra-tihookeanskaya-more-vnutri-naturalnaya/,62,65,49,92,69
19, Рыба и морепродукты , Рыбные консервы ,"Сайра тихоокеанская ""Дальморепродукт"" натуральная",https://roscontrol.com/files/images/products/c0/00/c000f1ec0a49264b33b7_product_category_2a6aa128.jpg,https://roscontrol.com/product/sayra-tihookeanskaya-dalmoreprodukt-naturalnaya/,60,65,50,90,68
20, Рыба и морепродукты , Рыбные консервы ,"Сайра тихоокеанская ""5 морей"" натуральная",https://roscontrol.com/files/images/products/50/2d/502d012567fd30bb2e66_product_category_2a6aa128.jpg,https://roscontrol.com/product/sayra-tihookeanskaya-5-morey-naturalnaya/,50,65,42,90,63
21, Рыба и морепродукты , Рыбные консервы ,Печень трески Setra,https://roscontrol.com/files/images/products/c4/5f/c45f1b782777cee947cc_product_category_2a6aa128.jpg,https://roscontrol.com/product/pechen-treski-setra/,81,65,35,82,69
22, Рыба и морепродукты , Рыбные консервы ,"Печень трески ""Морская радуга""",https://roscontrol.com/files/images/products/39/2a/392a1ebd59a6764218d6_product_category_2a6aa128.jpg,https://roscontrol.com/product/pechen-treski-morskaya-raduga/,68,70,21,73,61
23, Рыба и морепродукты , Рыбные консервы ,"Печень трески ""Вкусные консервы""",https://roscontrol.com/files/images/products/c6/4c/c64cd667e5df6648f9c1_product_category_2a6aa128.jpg,https://roscontrol.com/product/pechen-treski-vkusnie-konservi/,61,70,15,75,58
24, Рыба и морепродукты , Рыбные консервы ,"Печень трески ""Фишерель""",https://roscontrol.com/files/images/products/09/00/0900fcaa2d48ed0582d8_product_category_2a6aa128.jpg,https://roscontrol.com/product/pechen-treski-fisherel/,70,70,25,60,58
25, Рыба и морепродукты , Рыбные консервы ,"Печень трески ""Штурвал""",https://roscontrol.com/files/images/products/43/bd/43bd5929fb7524dd1434_product_category_2a6aa128.jpg,https://roscontrol.com/product/pechen-treski-shturval/,76,65,31,79,66
26, Рыба и морепродукты , Рыбные консервы ,"Горбуша натуральная ""Вкусные консервы""",https://roscontrol.com/files/images/products/fe/b1/feb1d335a2a84d7a4f31_product_category_2a6aa128.jpg,https://roscontrol.com/product/gorbusha-naturalnaya-vkusnie-konservi/,66,75,39,58,60
27, Рыба и морепродукты , Рыбные консервы ,"Горбуша натуральная ""Морская радуга""",https://roscontrol.com/files/images/products/cc/b6/ccb66cca58bd52fcdfbb_product_category_2a6aa128.jpg,https://roscontrol.com/product/gorbusha-naturalnaya-morskaya-raduga/,67,75,40,65,63
28, Рыба и морепродукты , Рыбные консервы ,"Горбуша натуральная ""Курильский берег""",https://roscontrol.com/files/images/products/aa/be/aabe8d89870eb057749c_product_category_2a6aa128.jpg,https://roscontrol.com/product/gorbusha-naturalnaya-kurilskiy-bereg/,73,75,45,80,70
29, Рыба и морепродукты , Рыбные консервы ,"Горбуша натуральная ""5 морей""",https://roscontrol.com/files/images/products/d3/2a/d32a2dc80385bde86a36_product_category_2a6aa128.jpg,https://roscontrol.com/product/gorbusha-naturalnaya-5-morey/,73,75,40,77,68
30, Рыба и морепродукты , Рыбные консервы ,"Скумбрия ""Барс"" натуральная с добавлением масла",https://roscontrol.com/files/images/products/33/d7/33d7563b2fd8f8304687_product_category_2a6aa128.jpg,https://roscontrol.com/product/skumbriya-bars-naturalnaya-s-dobavleniem-masla/,58,75,33,59,57
31, Рыба и морепродукты , Рыбные консервы ,"Скумбрия ""Фишерель / Наша семья"" натуральная с добавлением масла",https://roscontrol.com/files/images/products/de/27/de270ac3f3c8f8c2e46c_product_category_2a6aa128.jpg,https://roscontrol.com/product/skumbriya-fisherel-nasha-semya-naturalnaya-s-dobavleniem-masla/,63,70,41,51,56
32, Рыба и морепродукты , Рыбные консервы ,"Скумбрия ""5 морей"" натуральная с добавлением масла",https://roscontrol.com/files/images/products/50/c8/50c8c69bd9e85f27cedd_product_category_2a6aa128.jpg,https://roscontrol.com/product/skumbriya-5-morey-naturalnaya-s-dobavleniem-masla/,65,75,35,61,60
33, Рыба и морепродукты , Рыбные консервы ,"Сайра тихоокеанская ""Доброфлот"" натуральная",https://roscontrol.com/files/images/products/31/54/3154162842492e414e52_product_category_2a6aa128.jpg,https://roscontrol.com/product/saira-tikhookeanskaia-natural-naia-dobroflot/,51,65,51,94,67
34, Рыба и морепродукты , Рыбные консервы ,"Сайра тихоокеанская ""Ультрамарин"" натуральная",https://roscontrol.com/files/images/products/1f/92/1f929ca46c35f10ee489_product_category_2a6aa128.jpg,https://roscontrol.com/product/sayra-tihookeanskaya-ultramarin-naturalnaya/,57,75,51,86,68
35, Рыба и морепродукты , Рыбные консервы ,"Горбуша натуральная ""Капитан вкусов""",https://roscontrol.com/files/images/products/ac/f8/acf8df591110f98731dd_product_category_2a6aa128.jpg,https://roscontrol.com/product/kapitan-vkusov/,71,70,52,80,70
36, Рыба и морепродукты , Рыбные консервы ,Сайра тихоокеанская ARO натуральная,https://roscontrol.com/files/images/products/41/4e/414e4c4e9a77e81b7014_product_category_2a6aa128.jpg,https://roscontrol.com/product/sayra-tihookeanskaya-aro-naturalnaya/,44,65,38,43,
37, Рыба и морепродукты , Рыбные консервы ,"Сайра тихоокеанская ""Преображение"" натуральная",https://roscontrol.com/files/images/products/fd/bb/fdbbda1ea1d764699a09_product_category_2a6aa128.jpg,https://roscontrol.com/product/sayra-tihookeanskaya-preobragenie-naturalnaya/,53,65,15,38,
38, Рыба и морепродукты , Рыбные консервы ,"Сайра тихоокеанская ""Вкусные консервы"" натуральная",https://roscontrol.com/files/images/products/5d/c4/5dc44f96a87454efc280_product_category_2a6aa128.jpg,https://roscontrol.com/product/sayra-tihookeanskaya-vkusnie-konservi-naturalnaya/,65,75,19,23,
39, Рыба и морепродукты , Рыбные консервы ,"Килька в томатном соусе ""Балтийский невод""",https://roscontrol.com/files/images/products/78/9a/789ac52f8ad0febda82a_product_category_2a6aa128.jpg,https://roscontrol.com/product/kilka-v-tomatnom-souse-baltiyskiy-nevod/,67,65,37,66,
40, Рыба и морепродукты , Рыбные консервы ,"Килька в томатном соусе ""Крымское золото / Crimean Gold""",https://roscontrol.com/files/images/products/22/e4/22e49558c130e8b19590_product_category_2a6aa128.jpg,https://roscontrol.com/product/kilka-v-tomatnom-souse-krimskoe-zoloto-crimean-gold/,74,60,36,63,
41, Рыба и морепродукты , Рыбные консервы ,"Горбуша натуральная ""Каждый день""",https://roscontrol.com/files/images/products/bb/9f/bb9fe9f41b296fd93fb9_product_category_2a6aa128.jpg,https://roscontrol.com/product/gorbusha-naturalnaya-kagdiy-den/,66,70,41,42,
42, Рыба и морепродукты , Рыбные консервы ,Скумбрия GoldFish натуральная с добавлением масла,https://roscontrol.com/files/images/products/39/8a/398a8f22d3c4cf3869aa_product_category_2a6aa128.jpg,https://roscontrol.com/product/skumbriya-goldfish-naturalnaya-s-dobavleniem-masla/,60,75,33,31,
43, Рыба и морепродукты , Рыбные консервы ,"Скумбрия ""Каждый день"" натуральная с добавлением масла",https://roscontrol.com/files/images/products/45/27/4527c6a1bac495b73749_product_category_2a6aa128.jpg,https://roscontrol.com/product/skumbriya-kagdiy-den-naturalnaya-s-dobavleniem-masla/,56,70,36,44,
44, Рыба и морепродукты , Рыбные консервы ,Килька в томатном соусе GoldFish,https://roscontrol.com/files/images/products/68/4c/684cc4d7f6c77a0567b2_product_category_2a6aa128.jpg,https://roscontrol.com/product/kilka-v-tomatnom-souse-goldfish/,85,60,29,74,
45, Рыба и морепродукты , Рыбные консервы ,"Килька в томатном соусе ""Барс""",https://roscontrol.com/files/images/products/22/e1/22e1c8d1e3e11960a095_product_category_2a6aa128.jpg,https://roscontrol.com/product/kilka-v-tomatnom-souse-bars/,86,60,27,71,
46, Рыба и морепродукты , Рыбные консервы ,"Тунец консервированный ""Вкусные консервы""",https://roscontrol.com/files/images/products/4b/b2/4bb27525b248739c149b_product_category_2a6aa128.jpg,https://roscontrol.com/product/vkusnie-konservi/,60,75,45,69,
47, Рыба и морепродукты , Рыбные консервы ,Тунец консервированный Fortuna,https://roscontrol.com/files/images/products/06/7b/067be589bca4c9ca3d3d_product_category_2a6aa128.jpg,https://roscontrol.com/product/fortuna/,50,65,48,73,
48, Рыба и морепродукты , Рыбные консервы ,Тунец консервированный Iberica,https://roscontrol.com/files/images/products/e9/d4/e9d47adb5c50d663a987_product_category_2a6aa128.jpg,https://roscontrol.com/product/iberica/,63,65,35,70,
49, Рыба и морепродукты , Рыбные консервы ,"Тунец консервированный ""Беринг""",https://roscontrol.com/files/images/products/c8/4c/c84ce456d836d6ed831e_product_category_2a6aa128.jpg,https://roscontrol.com/product/bering-1/,46,70,37,67,
50, Рыба и морепродукты , Рыбные консервы ,"Печень трески ""Боско-морепродукт""",https://roscontrol.com/files/images/products/2f/16/2f16c54916927a475d6d_product_category_2a6aa128.jpg,https://roscontrol.com/product/pechen-treski-bosko-moreprodukt/,,,,,
51, Рыба и морепродукты , Рыбные консервы ,"Печень трески ""Новый океан""",https://roscontrol.com/files/images/products/19/3d/193d064d256a552948ba_product_category_2a6aa128.jpg,https://roscontrol.com/product/pechen-treski-noviy-okean/,,,,,
52, Рыба и морепродукты , Рыбные консервы ,"Печень трески ""Беринг""",https://roscontrol.com/files/images/products/f4/af/f4afbecaa5d36a4d9260_product_category_2a6aa128.jpg,https://roscontrol.com/product/bering/,,,,,
53, Рыба и морепродукты , Рыбные консервы ,"Килька в томатном соусе ""Маяк""",https://roscontrol.com/files/images/products/32/f3/32f38552d90bd687b5a8_product_category_2a6aa128.jpg,https://roscontrol.com/product/kilka-v-tomatnom-souse-mayak/,,,,,
54, Рыба и морепродукты , Рыбные консервы ,"Печень трески ""Ультрамарин""",https://roscontrol.com/files/images/products/b2/79/b279ecd16c818b4842c1_product_category_2a6aa128.jpg,https://roscontrol.com/product/pechen-treski-ultramarin/,,,,,
55, Рыба и морепродукты , Рыбные консервы ,"Сайра ""Морская радуга"" натуральная",https://roscontrol.com/files/images/products/be/76/be768b6b15bafdfda005_product_category_2a6aa128.jpg,https://roscontrol.com/product/sayra-morskaya-raduga-naturalnaya/,,,,,
56, Рыба и морепродукты , Рыбные консервы ,Тунец консервированный John West,https://roscontrol.com/files/images/products/30/38/30382d87e16f24fa006a_product_category_2a6aa128.jpg,https://roscontrol.com/product/john-west/,,,,,
57, Рыба и морепродукты , Рыбные консервы ,"Тунец консервированный ""Капитан Вкусов""",https://roscontrol.com/files/images/products/3d/70/3d70f3ad2ae0af3625a1_product_category_2a6aa128.jpg,https://roscontrol.com/product/kapitan-vkusov-1/,,,,,
58, Рыба и морепродукты , Рыбные консервы ,"Горбуша натуральная ""Русский рыбный мир""",https://roscontrol.com/files/images/products/39/d5/39d51450945f6d3d28c4_product_category_2a6aa128.jpg,https://roscontrol.com/product/russkiy-ribniy-mir/,,,,,
59, Рыба и морепродукты , Рыбные консервы ,"Горбуша натуральная ""Морской котик""",https://roscontrol.com/files/images/products/7d/23/7d23a4baa44886af55d2_product_category_2a6aa128.jpg,https://roscontrol.com/product/morskoy-kotik/,,,,,
60, Рыба и морепродукты , Рыбные консервы ,"Горбуша натуральная ""5 Морей""",https://roscontrol.com/files/images/products/a5/7b/a57bfed84c7e62058e8e_product_category_2a6aa128.jpg,https://roscontrol.com/product/5-morey/,,,,,
61, Рыба и морепродукты , Рыбные консервы ,"Горбуша натуральная ""Рыбоведовъ""",https://roscontrol.com/files/images/products/8e/bf/8ebfd76f1afa6736ddde_product_category_2a6aa128.jpg,https://roscontrol.com/product/ribovedov/,,,,,
62, Рыба и морепродукты , Рыбные консервы ,"Горбуша натуральная ""Балт-Фиш-Плюс""",https://roscontrol.com/files/images/products/36/21/3621c5e7b7657686b1d1_product_category_2a6aa128.jpg,https://roscontrol.com/product/balt-fish-plyus/,,,,,
63, Рыба и морепродукты , Рыбные консервы ,"Тунец консервированный ""Штурвал"" натуральный",https://roscontrol.com/files/images/products/2d/af/2daf1277bab913bad793_product_category_2a6aa128.jpg,https://roscontrol.com/product/tunets-konservirovannyi-shturval-natural-nyi/,,,,,
64, Рыба и морепродукты , Рыбные консервы ,"Тунец ""Фрегат"" натуральный",https://roscontrol.com/files/images/products/d1/07/d10758861355354e3ce9_product_category_2a6aa128.jpg,https://roscontrol.com/product/tuniets-frieghat-natural-nyi/,,,,,
65, Рыба и морепродукты , Рыбные консервы ,"Печень трески ""Посейдон-2000""",https://roscontrol.com/files/images/products/2b/77/2b77cd7effa125197bc8_product_category_2a6aa128.jpg,https://roscontrol.com/product/poseydon-2000/,,,,,
66, Рыба и морепродукты , Рыбные консервы ,"Печень трески ""Русский рыбный мир""",https://roscontrol.com/files/images/products/09/06/0906172554d6aef41eed_product_category_2a6aa128.jpg,https://roscontrol.com/product/russkiy-ribniy-mir-1/,,,,,
67, Рыба и морепродукты , Шпроты ,Шпроты в масле Kaija из балтийской кильки,https://roscontrol.com/files/images/products/63/a2/63a249c1ce77c06a315a_product_category_2a6aa128.jpg,https://roscontrol.com/product/shproti-v-masle-kaija-iz-baltiyskoy-kilki/,76,35,70,57,59
68, Рыба и морепродукты , Шпроты ,"Шпроты в масле ""Главпродукт"" из балтийской кильки",https://roscontrol.com/files/images/products/4b/d5/4bd5eb944f90c971a57a_product_category_2a6aa128.jpg,https://roscontrol.com/product/shproti-v-masle-glavprodukt-iz-baltiyskoy-kilki/,67,31,75,73,64
69, Рыба и морепродукты , Шпроты ,Шпроты в масле Gold fish из балтийской кильки,https://roscontrol.com/files/images/products/83/03/8303745beb27e5ba1357_product_category_2a6aa128.jpg,https://roscontrol.com/product/shproti-v-masle-gold-fish-iz-baltiyskoy-kilki/,67,29,75,63,59
70, Рыба и морепродукты , Шпроты ,"Шпроты в масле ""5 Морей"" из балтийской кильки",https://roscontrol.com/files/images/products/22/95/22950f6841bbc26aa51a_product_category_2a6aa128.jpg,https://roscontrol.com/product/shproti-v-masle-5-morey-iz-baltiyskoy-kilki/,64,32,75,56,57
71, Рыба и морепродукты , Шпроты ,"Шпроты в масле ""Барс"" из балтийской кильки",https://roscontrol.com/files/images/products/8d/50/8d5091fcd8ce2a3cad27_product_category_2a6aa128.jpg,https://roscontrol.com/product/shproti-v-masle-bars-iz-baltiyskoy-kilki/,79,25,75,63,61
72, Рыба и морепродукты , Шпроты ,"Шпроты в масле ""Старая Рига"" из балтийской кильки",https://roscontrol.com/files/images/products/1d/50/1d50c4a55e83904033d0_product_category_2a6aa128.jpg,https://roscontrol.com/product/shproti-v-masle-staraya-riga/,67,9,75,84,64
73, Рыба и морепродукты , Шпроты ,"Шпроты в масле ""Капитан морей"" из салаки",https://roscontrol.com/files/images/products/14/c6/14c611cc24edf2db09db_product_category_2a6aa128.jpg,https://roscontrol.com/product/shproti-v-masle-kapitan-morey-iz-salaki/,77,37,80,46,57
74, Рыба и морепродукты , Шпроты ,Шпроты в масле Keano,https://roscontrol.com/files/images/products/13/ce/13ce64e39b85663cc786_product_category_2a6aa128.jpg,https://roscontrol.com/product/shproti-v-masle-keano/,75,38,75,78,69
75, Рыба и морепродукты , Шпроты ,"Шпроты в масле ""Рижское золото"" (""Гамма-А"")",https://roscontrol.com/files/images/products/d7/c1/d7c1171b38c5f2f10aa9_product_category_2a6aa128.jpg,https://roscontrol.com/product/shproti-v-masle-rigskoe-zoloto/,65,42,65,79,66
76, Рыба и морепродукты , Шпроты ,"Шпроты в масле ""Вкусные консервы""",https://roscontrol.com/files/images/products/9e/67/9e675688e6e37938b607_product_category_2a6aa128.jpg,https://roscontrol.com/product/shproti-v-masle-vkusnie-konservi/,60,46,75,70,64
77, Рыба и морепродукты , Шпроты ,Шпроты в масле Fish House из балтийской кильки,https://roscontrol.com/files/images/products/8b/6f/8b6f3d2d22a6868bda99_product_category_2a6aa128.jpg,https://roscontrol.com/product/shproti-v-masle-fish-house-iz-baltiyskoy-kilki/,54,8,75,73,
78, Рыба и морепродукты , Шпроты ,"Шпроты в масле ""Беринг"" из балтийской кильки",https://roscontrol.com/files/images/products/86/32/863292c5855a0d022b1c_product_category_2a6aa128.jpg,https://roscontrol.com/product/shproti-v-masle-bering-iz-baltiyskoy-kilki/,47,13,75,58,
79, Рыба и морепродукты , Шпроты ,"Шпроты в масле ""От Иваныча!"" из копченой салаки",https://roscontrol.com/files/images/products/2e/e3/2ee37f8620faee385bba_product_category_2a6aa128.jpg,https://roscontrol.com/product/shproti-v-masle-ot-ivanicha-iz-kopchenoy-salaki/,70,25,75,44,
80, Рыба и морепродукты , Шпроты ,Шпроты в масле Morobell,https://roscontrol.com/files/images/products/04/af/04af839768309c71401f_product_category_2a6aa128.jpg,https://roscontrol.com/product/shproti-v-masle-morobell/,61,34,65,47,
81, Рыба и морепродукты , Шпроты ,"Шпроты в масле ""Морская радуга""",https://roscontrol.com/files/images/products/87/96/8796938d96c15b69531d_product_category_2a6aa128.jpg,https://roscontrol.com/product/shproti-v-masle-morskaya-raduga/,67,47,72,25,
82, Рыба и морепродукты , Соленая рыба ,"Форель ""Карельские рыбные заводы"", слабосоленая, ломтики",https://roscontrol.com/files/images/products/93/ab/93ab95c30d38de7af911_product_category_2a6aa128.jpg,https://roscontrol.com/product/forel-karelskie-ribnie-zavodi-slabosolenaya-lomtiki/,75,70,47,58,63
83, Рыба и морепродукты , Соленая рыба ,"Форель ""Русское море"" слабосоленая, ломтики",https://roscontrol.com/files/images/products/f5/0b/f50b298bb25ec3e4aa3a_product_category_2a6aa128.jpg,https://roscontrol.com/product/forel-russkoe-more-slabosolenaya-lomtiki/,85,60,58,58,65
84, Рыба и морепродукты , Соленая рыба ,"Форель ""Меридиан"" слабосоленая, ломтики",https://roscontrol.com/files/images/products/c3/bf/c3bf053313782a5c0b81_product_category_2a6aa128.jpg,https://roscontrol.com/product/forel-meridian-slabosolenaya-lomtiki/,85,70,57,59,68
85, Рыба и морепродукты , Соленая рыба ,"Семга слабосоленая ""Просто!""",https://roscontrol.com/files/images/products/a4/1b/a41bccedf9e9f7f589d2_product_category_2a6aa128.jpg,https://roscontrol.com/product/semga-slabosolenaya-prosto/,71,65,10,46,48
86, Рыба и морепродукты , Соленая рыба ,"Семга слабосоленая ""Санта Бремор""",https://roscontrol.com/files/images/products/88/6c/886ca794e94c3067b06b_product_category_2a6aa128.jpg,https://roscontrol.com/product/semga-santa-bremor/,83,65,25,74,62
87, Рыба и морепродукты , Соленая рыба ,"Семга слабосоленая ""Русское море""",https://roscontrol.com/files/images/products/e0/bb/e0bb1dd5be195e973d8c_product_category_2a6aa128.jpg,https://roscontrol.com/product/semga-russkoe-more/,80,65,16,53,54
88, Рыба и морепродукты , Соленая рыба ,"Сельдь ""Каждый день"" слабосоленая",https://roscontrol.com/files/images/products/06/0f/060fb830721aea30ba2a_product_category_2a6aa128.jpg,https://roscontrol.com/product/seld-kagdiy-den-slabosolenaya/,75,60,29,47,53
89, Рыба и морепродукты , Соленая рыба ,"Семга ""Русское море"" слабосоленая, ломтики",https://roscontrol.com/files/images/products/16/b6/16b6aec17131ea9575a8_product_category_2a6aa128.jpg,https://roscontrol.com/product/semga-russkoe-more-slabosolenaya-lomtiki/,77,65,44,67,63
90, Рыба и морепродукты , Соленая рыба ,"Форель ""ВкусВилл"" слабосоленая, ломтики",https://roscontrol.com/files/images/products/e8/05/e80560be57b3aee112f4_product_category_2a6aa128.jpg,https://roscontrol.com/product/forel-vkusvill-slabosolenaya-lomtiki/,51,75,43,59,57
91, Рыба и морепродукты , Соленая рыба ,"Сельдь ""Олива"" слабосоленая",https://roscontrol.com/files/images/products/a7/73/a773d6261848b9a9c3da_product_category_2a6aa128.jpg,https://roscontrol.com/product/seld-oliva-slabosolenaya/,76,70,24,69,60
92, Рыба и морепродукты , Соленая рыба ,"Сельдь ""Меридиан"" слабосоленая",https://roscontrol.com/files/images/products/91/cf/91cf934a266afc554b97_product_category_2a6aa128.jpg,https://roscontrol.com/product/seld-meridian-slabosolenaya/,79,70,32,85,67
93, Рыба и морепродукты , Соленая рыба ,"Сельдь ""Русская Рыбная Фактория"" слабосоленая",https://roscontrol.com/files/images/products/7b/b6/7bb6ba5ec2b03550f8cb_product_category_2a6aa128.jpg,https://roscontrol.com/product/seld-russkaya-ribnaya-faktoriya-slabosolenaya/,25,65,38,45,
94, Рыба и морепродукты , Соленая рыба ,"Сельдь ""А`море"" слабосоленая",https://roscontrol.com/files/images/products/43/bb/43bb673116ca76d8d12f_product_category_2a6aa128.jpg,https://roscontrol.com/product/seld-amore-slabosolenaya/,25,70,35,59,
95, Рыба и морепродукты , Соленая рыба ,"Сельдь ""%"" слабосоленая",https://roscontrol.com/files/images/products/49/50/4950327c6a26249c8e6d_product_category_2a6aa128.jpg,https://roscontrol.com/product/seld-slabosolenaya/,23,65,29,37,
96, Рыба и морепродукты , Соленая рыба ,"Сельдь ""Балтийский берег"" слабосоленая",https://roscontrol.com/files/images/products/ac/f2/acf2f43bef390f215107_product_category_2a6aa128.jpg,https://roscontrol.com/product/seld-baltiyskiy-bereg-slabosolenaya/,28,60,29,59,
97, Рыба и морепродукты , Соленая рыба ,"Сельдь ""Д"" слабосоленая",https://roscontrol.com/files/images/products/f7/ae/f7aeb3ed6a10fb043f8b_product_category_2a6aa128.jpg,https://roscontrol.com/product/seld-d-slabosolenaya/,72,60,28,83,
98, Рыба и морепродукты , Соленая рыба ,"Сёмга слабосолёная ""Каждый день""",https://roscontrol.com/files/images/products/c2/e0/c2e0ae83f4f4733d36b2_product_category_2a6aa128.jpg,https://roscontrol.com/product/smga-slabosolnaya-kagdiy-den/,66,70,35,78,
99, Рыба и морепродукты , Соленая рыба ,Сельдь ИП Лукашов В.Н. неразделанная солёная,https://roscontrol.com/files/images/products/ee/e5/eee5854255836a8b2804_product_category_2a6aa128.jpg,https://roscontrol.com/product/ip-lukashov-vn-seld-solnaya/,32,75,48,77,
100, Рыба и морепродукты , Соленая рыба ,"Семга слабосоленая ""Томилинская""",https://roscontrol.com/files/images/products/61/90/6190886da67f40f63e07_product_category_2a6aa128.jpg,https://roscontrol.com/product/semga-tomilinskaya/,55,65,38,62,
101, Рыба и морепродукты , Соленая рыба ,"Форель ""Ваш выбор"", слабосоленая, ломтики",https://roscontrol.com/files/images/products/76/55/7655705f87c41cd5c2f5_product_category_2a6aa128.jpg,https://roscontrol.com/product/forel-vash-vibor-slabosolenaya-lomtiki/,,,,,
102, Рыба и морепродукты , Соленая рыба ,"Форель ""Дары океана"", слабосоленая, ломтики",https://roscontrol.com/files/images/products/14/bf/14bfc4dbc4f5ff65f119_product_category_2a6aa128.jpg,https://roscontrol.com/product/forel-dari-okeana-slabosolenaya-lomtiki/,,,,,
103, Рыба и морепродукты , Соленая рыба ,"Семга слабосоленая ""Круглый год""",https://roscontrol.com/files/images/products/19/63/19634f8fc43a1568def0_product_category_2a6aa128.jpg,https://roscontrol.com/product/semga-slabosolenaya-krugliy-god/,,,,,
104, Рыба и морепродукты , Соленая рыба ,"Сёмга слабосолёная ""Меридиан""",https://roscontrol.com/files/images/products/a8/b2/a8b24a4d83bf6457dcd8_product_category_2a6aa128.jpg,https://roscontrol.com/product/smga-slabosolnaya-meridian/,,,,,
105, Рыба и морепродукты , Соленая рыба ,"Семга слабосоленая ""А'море""",https://roscontrol.com/files/images/products/55/62/5562fdac22a0a6aa592b_product_category_2a6aa128.jpg,https://roscontrol.com/product/semga-amore/,,,,,
106, Рыба и морепродукты , Соленая рыба ,"Семга ""Каждый день"" слабосоленая, ломтики",https://roscontrol.com/files/images/products/d1/94/d194e6a09a378d7973e3_product_category_2a6aa128.jpg,https://roscontrol.com/product/semga-kagdiy-den-slabosolenaya-lomtiki/,,,,,
107, Рыба и морепродукты , Соленая рыба ,"Семга ""Морская планета"" слабосоленая, ломтики",https://roscontrol.com/files/images/products/83/34/83345d0c530afb3eaebe_product_category_2a6aa128.jpg,https://roscontrol.com/product/semga-morskaya-planeta-slabosolenaya-lomtiki/,,,,,
108, Рыба и морепродукты , Соленая рыба ,"Форель ""Адара"" соленая, ломтики",https://roscontrol.com/files/images/products/a1/58/a1582341d335659d592d_product_category_2a6aa128.jpg,https://roscontrol.com/product/forel-adara-solenaya-lmtiki/,,,,,
109, Рыба и морепродукты , Соленая рыба ,"Форель ""Фишерель / Наша семья"" слабосоленая, ломтики",https://roscontrol.com/files/images/products/0d/80/0d80a7f670a77b7a7a59_product_category_2a6aa128.jpg,https://roscontrol.com/product/forel-fisherel-nasha-semya-slabosolenaya-lomtiki/,,,,,
110, Рыба и морепродукты , Соленая рыба ,"Сельдь ""Союз-Биллион Томилинская"" слабосоленая",https://roscontrol.com/files/images/products/8c/b0/8cb0e4fbc81a37c35090_product_category_2a6aa128.jpg,https://roscontrol.com/product/seld-soyuz-billion-tomilinskaya-slabosolenaya/,,,,,
111, Рыба и морепродукты , Соленая рыба ,Сёмга малосолёная Gustafsen,https://roscontrol.com/files/images/products/78/f3/78f3f97bd57530bc3402_product_category_2a6aa128.jpg,https://roscontrol.com/product/smga-malosolnaya-gustafsen/,,,,,
112, Рыба и морепродукты , Соленая рыба ,Сёмга слабосолёная NORF,https://roscontrol.com/files/images/products/6d/1a/6d1acd6d849f2f52dbb5_product_category_2a6aa128.jpg,https://roscontrol.com/product/smga-slabosolnaya-norf/,,,,,
113, Рыба и морепродукты , Соленая рыба ,"Сельдь ""Рыбный дом Марина"" неразделанная солёная",https://roscontrol.com/files/images/products/5b/f1/5bf1d1ecf453df95db71_product_category_2a6aa128.jpg,https://roscontrol.com/product/ribniy-dom-marina-seld-solnaya/,,,,,
114, Рыба и морепродукты , Соленая рыба ,"Семга слабосоленая ""Балтийский Берег""",https://roscontrol.com/files/images/products/d8/e5/d8e52aed6968441246c9_product_category_2a6aa128.jpg,https://roscontrol.com/product/semga-baltiyskiy-bereg/,,,,,
115, Рыба и морепродукты , Соленая рыба ,"Форель слабосоленая ""Меридиан""",https://roscontrol.com/files/images/products/37/da/37daa4ccba1b2de9a971_product_category_2a6aa128.jpg,https://roscontrol.com/product/forel-meridian/,,,,,
116, Рыба и морепродукты , Соленая рыба ,Семга слабосоленая Gustafsen,https://roscontrol.com/files/images/products/92/3f/923f243f09aa4ef1be03_product_category_2a6aa128.jpg,https://roscontrol.com/product/semga-gustafsen/,,,,,
117, Рыба и морепродукты , Соленая рыба ,"Семга ""Фишерель / Наша семья"" слабосоленая, ломтики",https://roscontrol.com/files/images/products/45/d4/45d4a63b1d5dd94708df_product_category_2a6aa128.jpg,https://roscontrol.com/product/semga-fisherel-nasha-semya-slabosolenaya-lomtiki/,,,,,
118, Рыба и морепродукты , Соленая рыба ,"Семга ""Меридиан"" слабосоленая, ломтики",https://roscontrol.com/files/images/products/5e/12/5e12488b1e70c49e4206_product_category_2a6aa128.jpg,https://roscontrol.com/product/semga-meridian-slabosolenaya-lomtiki/,,,,,
119, Рыба и морепродукты , Соленая рыба ,"Семга ""Новый океан"" слабосоленая, ломтики",https://roscontrol.com/files/images/products/73/5e/735ed695436317161169_product_category_2a6aa128.jpg,https://roscontrol.com/product/semga-noviy-okean-slabosolenaya-lomtiki/,,,,,
120, Рыба и морепродукты , Соленая рыба ,"Сельдь ""Фландерр"" тихоокеанская сл/соленая",https://roscontrol.com/files/images/products/6f/8e/6f8edf9d529b4a9decd2_product_category_2a6aa128.jpg,https://roscontrol.com/product/flanderr-seld-solenaya/,,,,,
121, Рыба и морепродукты , Соленая рыба ,"Сельдь ""Метатр"" атлантическая с/с",https://roscontrol.com/files/images/products/27/69/2769dd5d5b1db3107649_product_category_2a6aa128.jpg,https://roscontrol.com/product/metatr-seld-solnaya/,,,,,
122, Рыба и морепродукты , Соленая рыба ,Семга слабосоленая Clever,https://roscontrol.com/files/images/products/53/73/537368bc87061ce6f6b9_product_category_2a6aa128.jpg,https://roscontrol.com/product/semga-slabosolenaya-clever/,,,,,
123, Рыба и морепродукты , Соленая рыба ,Рыба соленая (филе-кусок с кожей): семга (лосось атлантический),https://roscontrol.com/files/images/products/03/4b/034b987dec4e6c4a06b6_product_category_2a6aa128.jpg,https://roscontrol.com/product/ryba-solenaia-file-kusok-s-kozhei-semga-losos-atlanticheskii/,,,,,
124, Рыба и морепродукты , Соленая рыба ,"Форель слабосоленая филе-кусок  ""Своя рыбка""",https://roscontrol.com/files/images/products/33/5f/335f10cfc15eb9b0bdf9_product_category_2a6aa128.jpg,https://roscontrol.com/product/forel-slabosolenaia-file-kusok-svoia-rybka/,,,,,
125, Рыба и морепродукты , Красная икра ,"""Русское море"", горбуша, первый сорт",https://roscontrol.com/files/images/products/34/b0/34b0947df40d7a4fe747_product_category_2a6aa128.jpg,https://roscontrol.com/product/ikra-russkoe-more-gorbusha-perviy-sort/,76,75,29,96,72
126, Рыба и морепродукты , Красная икра ,"""Сделано в море"", горбуша, первый сорт",https://roscontrol.com/files/images/products/e8/31/e831ecd10eb386b7b6a8_product_category_2a6aa128.jpg,https://roscontrol.com/product/sdelano-v-more-gorbusha-perviy-sort/,66,65,29,93,67
127, Рыба и морепродукты , Красная икра ,"""Красное золото"", горбуша, первый сорт",https://roscontrol.com/files/images/products/03/f4/03f46a71bf77f1922d7c_product_category_2a6aa128.jpg,https://roscontrol.com/product/krasnoe-zoloto-gorbusha-perviy-sort/,75,70,29,84,68
128, Рыба и морепродукты , Красная икра ,"Икра ""Меридиан"", горбуша, первый сорт",https://roscontrol.com/files/images/products/ab/e3/abe36a7f2d4031d2ea06_product_category_2a6aa128.jpg,https://roscontrol.com/product/ikra-meridian/,79,75,29,93,72
129, Рыба и морепродукты , Красная икра ,"Икра ""Русский рыбный мир""",https://roscontrol.com/files/images/products/d8/a1/d8a1e970f2cf13f2a6ed_product_category_2a6aa128.jpg,https://roscontrol.com/product/ikra-russkiy-ribniy-mir/,63,75,19,65,57
130, Рыба и морепродукты , Красная икра ,"Икра ""Русское море""",https://roscontrol.com/files/images/products/de/5a/de5af3b9e9f75c42a39c_product_category_2a6aa128.jpg,https://roscontrol.com/product/brhf-heccrjt-vjht/,76,75,20,86,68
131, Рыба и морепродукты , Красная икра ,Икра ARO,https://roscontrol.com/files/images/products/90/1c/901cd676149047fcb9f7_product_category_2a6aa128.jpg,https://roscontrol.com/product/ikra-aro/,52,75,19,73,56
132, Рыба и морепродукты , Красная икра ,"""Обкомовская""",https://roscontrol.com/files/images/products/f6/56/f656fa25dce8d2febcc9_product_category_2a6aa128.jpg,https://roscontrol.com/product/ikra-obkomovskaya/,49,60,38,73,
133, Рыба и морепродукты , Красная икра ,"""Северная компания""",https://roscontrol.com/files/images/products/aa/9b/aa9b5959bb4adbb62fa4_product_category_2a6aa128.jpg,https://roscontrol.com/product/severnaya-kompaniya/,47,60,34,17,
134, Рыба и морепродукты , Красная икра ,"""То, что надо"", горбуша, первый сорт",https://roscontrol.com/files/images/products/d6/ef/d6ef96fbbbc27449ba56_product_category_2a6aa128.jpg,https://roscontrol.com/product/ikra-to-chto-nado-gorbusha-perviy-sort/,,,,,
135, Рыба и морепродукты , Красная икра ,"Икра ""Тунгутун"", горбуша, первый сорт",https://roscontrol.com/files/images/products/52/cd/52cd4eca44528eb52fe2_product_category_2a6aa128.jpg,https://roscontrol.com/product/ikra-tungutun/,,,,,
136, Рыба и морепродукты , Красная икра ,Икра Salmonica,https://roscontrol.com/files/images/products/dc/5b/dc5ba1cf3aabce8bff91_product_category_2a6aa128.jpg,https://roscontrol.com/product/ikra-salmonica/,,,,,
137, Рыба и морепродукты , Красная икра ,"""Меридиан"", горбуша, первый сорт",https://roscontrol.com/files/images/products/b2/54/b254f696ca9eb62332bd_product_category_2a6aa128.jpg,https://roscontrol.com/product/meridian/,,,,,
138, Рыба и морепродукты , Красная икра ,"""Алый жемчуг""",https://roscontrol.com/files/images/products/85/0f/850f89800126304be04d_product_category_2a6aa128.jpg,https://roscontrol.com/product/aliy-gemchug/,,,,,
139, Рыба и морепродукты , Красная икра ,"Икра ""Камчатское море""",https://roscontrol.com/files/images/products/e0/f8/e0f8854fdcc1d835e965_product_category_2a6aa128.jpg,https://roscontrol.com/product/ikra-kamchatskoe-more/,,,,,
140, Рыба и морепродукты , Красная икра ,"""Русское море"", нерка, первый сорт",https://roscontrol.com/files/images/products/72/82/72821b550bc6df1f9b7c_product_category_2a6aa128.jpg,https://roscontrol.com/product/russkoe-more-1-sort/,,,,,
141, Рыба и морепродукты , Красная икра ,"""Красное золото"", горбуша, первый сорт",https://roscontrol.com/files/images/products/ae/02/ae025d9b8b42f5e0f315_product_category_2a6aa128.jpg,https://roscontrol.com/product/krasnoe-zoloto-1-sort/,,,,,
142, Рыба и морепродукты , Красная икра ,"""Форвард-С"", кета, первый сорт",https://roscontrol.com/files/images/products/67/f8/67f863a5a65121116851_product_category_2a6aa128.jpg,https://roscontrol.com/product/forvard-s-keta-perviy-sort/,,,,,
143, Рыба и морепродукты , Красная икра ,"""Путина"", горбуша, первый сорт",https://roscontrol.com/files/images/products/de/32/de325cfe311689d25ba5_product_category_2a6aa128.jpg,https://roscontrol.com/product/ikra-putina/,,,,,
144, Рыба и морепродукты , Красная икра ,"""Форвард-С""",https://roscontrol.com/files/images/products/16/85/16856437e509175aea24_product_category_2a6aa128.jpg,https://roscontrol.com/product/ikra-forvard-s/,,,,,
145, Рыба и морепродукты , Красная икра ,"""Тунгутун""",https://roscontrol.com/files/images/products/13/7b/137b00901f2e7ca847b7_product_category_2a6aa128.jpg,https://roscontrol.com/product/tungutun/,,,,,
146, Рыба и морепродукты , Красная икра ,Икра лососевая чумиканская,https://roscontrol.com/files/images/products/56/72/5672ffc88afc46271d02_product_category_2a6aa128.jpg,https://roscontrol.com/product/ikra-lososevaia-chumikanskaia/,,,,,
147, Рыба и морепродукты , Замороженная рыба ,Хек ARO тушка,https://roscontrol.com/files/images/products/18/46/1846ccf53849e3791bbf_product_category_2a6aa128.jpg,https://roscontrol.com/product/hek-aro-tushka/,58,75,56,47,59
148, Рыба и морепродукты , Замороженная рыба ,"Хек ""ВкусВилл"" тушка",https://roscontrol.com/files/images/products/9e/82/9e826d06e3d8df14749a_product_category_2a6aa128.jpg,https://roscontrol.com/product/hek-vkusvill-tushka/,72,80,56,49,64
149, Рыба и морепродукты , Замороженная рыба ,"Хек ""Индиго"" тушка",https://roscontrol.com/files/images/products/ef/c5/efc5fc9c6a9acd1cf101_product_category_2a6aa128.jpg,https://roscontrol.com/product/hek-indigo-tushka/,63,90,56,41,63
150, Рыба и морепродукты , Замороженная рыба ,"Хек ""Магуро"" тушка",https://roscontrol.com/files/images/products/8b/71/8b71a1f07a0b4bca4d59_product_category_2a6aa128.jpg,https://roscontrol.com/product/hek-maguro-tushka/,69,80,56,49,64
151, Рыба и морепродукты , Замороженная рыба ,Горбуша Globus потрошеная без головы,https://roscontrol.com/files/images/products/8b/2c/8b2ce455d88a87719e3f_product_category_2a6aa128.jpg,https://roscontrol.com/product/gorbusha-globus-potroshenaya-bez-golovi/,69,90,48,60,67
152, Рыба и морепродукты , Замороженная рыба ,Горбуша Aro потрошеная без головы,https://roscontrol.com/files/images/products/83/c0/83c0ec93bfa0d898c1bd_product_category_2a6aa128.jpg,https://roscontrol.com/product/gorbusha-aro-potroshenaya-bez-golovi/,70,85,54,69,70
153, Рыба и морепродукты , Замороженная рыба ,"Горбуша ""Волна"" потрошеная без головы",https://roscontrol.com/files/images/products/78/2e/782e7fc4c1f5d5ebbc41_product_category_2a6aa128.jpg,https://roscontrol.com/product/gorbusha-volna-potroshenaya-bez-golovi/,73,90,59,60,71
154, Рыба и морепродукты , Замороженная рыба ,"Горбуша ""Каждый день"" потрошеная с головой",https://roscontrol.com/files/images/products/d7/5c/d75ce0ae6cee34b5ca54_product_category_2a6aa128.jpg,https://roscontrol.com/product/gorbusha-kagdiy-den-potroshenaya-s-golovoy/,73,85,49,68,69
155, Рыба и морепродукты , Замороженная рыба ,"Горбуша ""ВкусАрт"" потрошеная с головой",https://roscontrol.com/files/images/products/30/e4/30e4388b0dac93b7198a_product_category_2a6aa128.jpg,https://roscontrol.com/product/gorbusha-vkusart-potroshenaya-s-golovoy/,66,70,49,38,56
156, Рыба и морепродукты , Замороженная рыба ,"Филе трески ""ВкусВилл""",https://roscontrol.com/files/images/products/32/48/3248730af4df9d6eafb1_product_category_2a6aa128.jpg,https://roscontrol.com/product/file-treski-vkusvill/,55,90,53,76,69
157, Рыба и морепродукты , Замороженная рыба ,"Филе минтая ""Artfish""",https://roscontrol.com/files/images/products/8f/b5/8fb59f4e8c77d20144fe_product_category_2a6aa128.jpg,https://roscontrol.com/product/file-mintaya-artfish/,85,80,40,56,65
158, Рыба и морепродукты , Замороженная рыба ,"Филе минтая ""Бухта Изобилия""",https://roscontrol.com/files/images/products/9e/d8/9ed80ebfde611a5c64ea_product_category_2a6aa128.jpg,https://roscontrol.com/product/file-mintaya-buhta-izobiliya/,92,75,56,59,71
159, Рыба и морепродукты , Замороженная рыба ,"Филе трески ""Океан вкуса""",https://roscontrol.com/files/images/products/0c/b1/0cb10fbc3238737a9848_product_category_2a6aa128.jpg,https://roscontrol.com/product/file-treski-okean-vkusa/,53,80,53,63,62
160, Рыба и морепродукты , Замороженная рыба ,"Филе трески ""Царица морей""",https://roscontrol.com/files/images/products/a6/bd/a6bde8254397f55753a6_product_category_2a6aa128.jpg,https://roscontrol.com/product/file-treski-tsaritsa-morey/,65,75,47,68,64
161, Рыба и морепродукты , Замороженная рыба ,"Филе трески ""Рыбный год""",https://roscontrol.com/files/images/products/98/8d/988d562abda394e40995_product_category_2a6aa128.jpg,https://roscontrol.com/product/file-treski-ribniy-god/,49,80,43,69,60
162, Рыба и морепродукты , Замороженная рыба ,"Треска ""СП ХладоПродуктСервис""",https://roscontrol.com/files/images/products/f6/5a/f65a6e338f45b3b6fbf4_product_category_2a6aa128.jpg,https://roscontrol.com/product/sp-hladoproduktservis/,80,80,56,75,73
163, Рыба и морепродукты , Замороженная рыба ,Треска ARTFISH,https://roscontrol.com/files/images/products/a0/0b/a00b99cbe329a6473d09_product_category_2a6aa128.jpg,https://roscontrol.com/product/artfish/,51,80,56,74,65
164, Рыба и морепродукты , Замороженная рыба ,"Филе трески ""Марлин""",https://roscontrol.com/files/images/products/b6/43/b64341dec4be0399a1a2_product_category_2a6aa128.jpg,https://roscontrol.com/product/file-treski-marlin/,53,75,48,30,
165, Рыба и морепродукты , Замороженная рыба ,Филе минтая 100% Fish,https://roscontrol.com/files/images/products/d9/93/d9936b6e9d2788a9af8c_product_category_2a6aa128.jpg,https://roscontrol.com/product/file-mintaya-100-fish/,24,75,10,57,
166, Рыба и морепродукты , Замороженная рыба ,Филе минтая Agama,https://roscontrol.com/files/images/products/e2/d1/e2d18d905e7c15064083_product_category_2a6aa128.jpg,https://roscontrol.com/product/file-mintaya-agama/,60,75,21,64,
167, Рыба и морепродукты , Замороженная рыба ,"Филе минтая ""ВкусВилл""",https://roscontrol.com/files/images/products/b7/aa/b7aaf42cb26688783dc3_product_category_2a6aa128.jpg,https://roscontrol.com/product/file-mintaya-vkusvill/,60,80,11,59,
168, Рыба и морепродукты , Замороженная рыба ,"Филе тилапии ""Фландерр""",https://roscontrol.com/files/images/products/ea/2b/ea2b887d4d2935e0b05e_product_category_2a6aa128.jpg,https://roscontrol.com/product/file-tilapii-flanderr/,41,65,46,13,
169, Рыба и морепродукты , Замороженная рыба ,"Филе тилапии ""Бухта изобилия""",https://roscontrol.com/files/images/products/0f/87/0f875497243d0f2ac460_product_category_2a6aa128.jpg,https://roscontrol.com/product/file-tilapii-buhta-izobiliya/,43,55,53,7,
170, Рыба и морепродукты , Замороженная рыба ,Филе тилапии Agama,https://roscontrol.com/files/images/products/db/0a/db0a220c3c4c8a9c6bc7_product_category_2a6aa128.jpg,https://roscontrol.com/product/file-tilapii-agama/,55,65,58,21,
171, Рыба и морепродукты , Замороженная рыба ,Филе тилапии BonDeLaMar,https://roscontrol.com/files/images/products/f2/1e/f21eca63eface613bff2_product_category_2a6aa128.jpg,https://roscontrol.com/product/file-tilapii-bondelamar/,59,65,46,14,
172, Рыба и морепродукты , Замороженная рыба ,"Филе трески ""Штурман КФ""",https://roscontrol.com/files/images/products/01/b9/01b9a34e1c28acbe3314_product_category_2a6aa128.jpg,https://roscontrol.com/product/shturman-kf/,54,75,55,67,
173, Рыба и морепродукты , Замороженная рыба ,"Хек ""Дары моря "" тушка",https://roscontrol.com/files/images/products/c8/e9/c8e97d3e485606e8e5f3_product_category_2a6aa128.jpg,https://roscontrol.com/product/hek-dari-morya-tushka/,,,,,
174, Рыба и морепродукты , Замороженная рыба ,"Филе трески ""Каждый день""",https://roscontrol.com/files/images/products/ec/6f/ec6fd1db8266e7aae2be_product_category_2a6aa128.jpg,https://roscontrol.com/product/file-treski-kagdiy-den/,,,,,
175, Рыба и морепродукты , Замороженная рыба ,Филе трески Borealis,https://roscontrol.com/files/images/products/20/05/200591a7b6df869579d9_product_category_2a6aa128.jpg,https://roscontrol.com/product/file-treski-borealis/,,,,,
176, Рыба и морепродукты , Замороженная рыба ,"Филе трески ""Бухта изобилия""",https://roscontrol.com/files/images/products/aa/b5/aab50af95c592764406a_product_category_2a6aa128.jpg,https://roscontrol.com/product/file-treski-buhta-izobiliya/,,,,,
177, Рыба и морепродукты , Замороженная рыба ,"Филе минтая ""Штурман КФ""",https://roscontrol.com/files/images/products/76/7b/767b7d4d869c358dbc30_product_category_2a6aa128.jpg,https://roscontrol.com/product/file-mintaya-shturman-kf/,,,,,
178, Рыба и морепродукты , Замороженная рыба ,Филе минтая Polar,https://roscontrol.com/files/images/products/01/49/01495ee3c23ece117e63_product_category_2a6aa128.jpg,https://roscontrol.com/product/file-mintaya-polar/,,,,,
179, Рыба и морепродукты , Замороженная рыба ,"Филе тилапии ""Каждый день""",https://roscontrol.com/files/images/products/09/53/09530c1b2c51135a0a1f_product_category_2a6aa128.jpg,https://roscontrol.com/product/file-tilapii-kagdiy-den/,,,,,
180, Рыба и морепродукты , Замороженная рыба ,Филе трески Agama,https://roscontrol.com/files/images/products/33/ca/33ca4689354baee36ec0_product_category_2a6aa128.jpg,https://roscontrol.com/product/agama/,,,,,
181, Рыба и морепродукты , Замороженная рыба ,"Филе минтая ""Фландерр""",https://roscontrol.com/files/images/products/c7/35/c7358803e71d4ecfa337_product_category_2a6aa128.jpg,https://roscontrol.com/product/file-mintaya-flanderr/,,,,,
182, Рыба и морепродукты , Замороженная рыба ,"Филе трески ""Каждый день/Рыбные продукты""",https://roscontrol.com/files/images/products/59/97/5997518866225ed0d90b_product_category_2a6aa128.jpg,https://roscontrol.com/product/kagdiy-den/,,,,,
183, Рыба и морепродукты , Замороженная рыба ,"Филе трески ""Рыбный день""",https://roscontrol.com/files/images/products/fa/bc/fabc5b1a689ef333ceb1_product_category_2a6aa128.jpg,https://roscontrol.com/product/ribniy-den/,,,,,
184, Рыба и морепродукты , Продукты из сурими ,"Крабовые палочки ""Русское море""",https://roscontrol.com/files/images/products/47/08/470809fca6b0a9d8ab67_product_category_2a6aa128.jpg,https://roscontrol.com/product/russkoe-more-1/,61,13,0,49,36
185, Рыба и морепродукты , Продукты из сурими ,"Крабовые палочки ""Меридиан""",https://roscontrol.com/files/images/products/a6/42/a642b1362c05164f3eee_product_category_2a6aa128.jpg,https://roscontrol.com/product/meridian-2/,67,18,1,59,42
186, Рыба и морепродукты , Продукты из сурими ,"Крабовое мясо (имитация) ""Меридиан""",https://roscontrol.com/files/images/products/84/84/8484433ed3c9d62a00bd_product_category_2a6aa128.jpg,https://roscontrol.com/product/krabovoe-myaso-imitatsiya-meridian-snegniy-krab/,65,28,10,32,37
187, Рыба и морепродукты , Продукты из сурими ,"Крабовое мясо (имитация) ""Дикси"" (""Д"")",https://roscontrol.com/files/images/products/f7/6b/f76b146748425294af1d_product_category_2a6aa128.jpg,https://roscontrol.com/product/krabovoe-myaso-imitatsiya-diksi-d/,81,27,3,33,40
188, Рыба и морепродукты , Продукты из сурими ,Крабовые палочки Vici,https://roscontrol.com/files/images/products/4e/37/4e3727df8108b1a0cf07_product_category_2a6aa128.jpg,https://roscontrol.com/product/vici/,62,28,0,25,
189, Рыба и морепродукты , Продукты из сурими ,"Крабовое мясо (имитация) "" А`Море""",https://roscontrol.com/files/images/products/41/c6/41c63d19ff840d73a6a5_product_category_2a6aa128.jpg,https://roscontrol.com/product/krabovoe-myaso-imitatsiya-amore/,51,33,0,36,
190, Рыба и морепродукты , Продукты из сурими ,"Крабовое мясо (имитация) ""Русское море""",https://roscontrol.com/files/images/products/c4/5f/c45fdc5454402fa52460_product_category_2a6aa128.jpg,https://roscontrol.com/product/krabovoe-myaso-imitatsiya-russkoe-more/,56,33,0,10,
191, Рыба и морепродукты , Продукты из сурими ,"""Красная цена""",https://roscontrol.com/files/images/products/27/fc/27fc7c868a78c889a51b_product_category_2a6aa128.jpg,https://roscontrol.com/product/krabovie-palochki-krasnaya-tsena/,79,18,15,53,
192, Рыба и морепродукты , Продукты из сурими ,Polar,https://roscontrol.com/files/images/products/ab/c5/abc5b9f5620555d04728_product_category_2a6aa128.jpg,https://roscontrol.com/product/krabovie-palochki-polar/,81,48,52,51,
193, Рыба и морепродукты , Продукты из сурими ,"Крабовые палочки ""А'море""",https://roscontrol.com/files/images/products/89/3b/893bcb8552e3a0968ba0_product_category_2a6aa128.jpg,https://roscontrol.com/product/amore-rok/,,,,,
194, Рыба и морепродукты , Продукты из сурими ,"Крабовые палочки ""Санта Бремор""",https://roscontrol.com/files/images/products/ad/fc/adfc5101aa688c57c1f8_product_category_2a6aa128.jpg,https://roscontrol.com/product/santa-bremor/,,,,,
195, Рыба и морепродукты , Продукты из сурими ,"Крабовое мясо (имитация) ""Санта Бремор""",https://roscontrol.com/files/images/products/af/a1/afa1eb5182e501377c0a_product_category_2a6aa128.jpg,https://roscontrol.com/product/krabovoe-myaso-imitatsiya-santa-bremor/,,,,,
196, Рыба и морепродукты , Продукты из сурими ,Крабовое мясо (имитация) Vici,https://roscontrol.com/files/images/products/97/86/97861cd578e0b3c27126_product_category_2a6aa128.jpg,https://roscontrol.com/product/krabovoe-myaso-imitatsiya-vici/,,,,,
197, Рыба и морепродукты , Продукты из сурими ,"Крабовые палочки ""Наша семья / Фишерель""",https://roscontrol.com/files/images/products/82/ac/82ac79be0be57a4c3eee_product_category_2a6aa128.jpg,https://roscontrol.com/product/krabovie-palochki-nasha-semya-fisherel/,,,,,
198, Рыба и морепродукты , Продукты из сурими ,"""Каждый день""",https://roscontrol.com/files/images/products/e5/9d/e59d5267b81a245815af_product_category_2a6aa128.jpg,https://roscontrol.com/product/kagdiy-den-3/,,,,,
199, Рыба и морепродукты , Пресервы рыбные ,"Филе сельди ""Русское море"" кусочками",https://roscontrol.com/files/images/products/d1/9c/d19cf47dc47567feb1ed_product_category_2a6aa128.jpg,https://roscontrol.com/product/file-seldi-russkoe-more/,71,55,38,22,47
200, Рыба и морепродукты , Пресервы рыбные ,"Филе сельди ""Балтийский берег"" кусочками",https://roscontrol.com/files/images/products/ca/25/ca253180a4e5c016cd7a_product_category_2a6aa128.jpg,https://roscontrol.com/product/file-seldi-baltiyskiy-bereg/,72,70,42,45,57
201, Рыба и морепродукты , Пресервы рыбные ,"""Балтийский берег"" сельдь соленая (пресервы)",https://roscontrol.com/files/images/products/a3/c1/a3c1ff1eff56deab4655_product_category_2a6aa128.jpg,https://roscontrol.com/product/baltiyskiy-bereg-seld-solenaya/,42,85,47,72,62
202, Рыба и морепродукты , Пресервы рыбные ,"Сельдь ""Каждый день"" специального посола",https://roscontrol.com/files/images/products/c6/e5/c6e589a8336cd3af6102_product_category_2a6aa128.jpg,https://roscontrol.com/product/seld-kagdiy-den-spetsialnogo-posola/,51,70,15,30,
203, Рыба и морепродукты , Пресервы рыбные ,"Сельдь ""А'Море"" специального посола",https://roscontrol.com/files/images/products/6f/30/6f30dab7c80270acbcb9_product_category_2a6aa128.jpg,https://roscontrol.com/product/seld-amore-spetsialnogo-posola/,,,,,
204, Рыба и морепродукты , Пресервы рыбные ,"Сельдь ""Балтийский берег"" специального посола",https://roscontrol.com/files/images/products/94/1d/941dd9d2c42a63af0249_product_category_2a6aa128.jpg,https://roscontrol.com/product/seld-baltiyskiy-bereg-spetsialnogo-posola/,,,,,
205, Рыба и морепродукты , Пресервы рыбные ,Сельдь Vici специального посола,https://roscontrol.com/files/images/products/2a/ba/2abafbb95603e928b694_product_category_2a6aa128.jpg,https://roscontrol.com/product/seld-vici-spetsialnogo-posola/,,,,,
206, Рыба и морепродукты , Пресервы рыбные ,"Сельдь ""Меридиан"" специального посола",https://roscontrol.com/files/images/products/1e/47/1e47d28cdca38245ac6b_product_category_2a6aa128.jpg,https://roscontrol.com/product/seld-meridian-spetsialnogo-posola/,,,,,
207, Рыба и морепродукты , Пресервы рыбные ,"Филе сельди ""Санта Бремор / Матиас"" кусочками",https://roscontrol.com/files/images/products/3c/24/3c24be4188a43d7f13d1_product_category_2a6aa128.jpg,https://roscontrol.com/product/file-seldi-santa-bremor-matias/,,,,,
208, Рыба и морепродукты , Пресервы рыбные ,"Коктейль из морепродуктов ""Санта Бремор""",https://roscontrol.com/files/images/products/dd/f2/ddf20c5e15f5387cc1cd_product_category_2a6aa128.jpg,https://roscontrol.com/product/kokteyl-iz-moreproduktov-santa-bremor/,,,,,
209, Рыба и морепродукты , Пресервы рыбные ,Коктейль из морепродуктов Fish House,https://roscontrol.com/files/images/products/4d/70/4d70e9f777a36880d6a4_product_category_2a6aa128.jpg,https://roscontrol.com/product/kokteyl-iz-moreproduktov-fish-house/,,,,,
210, Рыба и морепродукты , Пресервы рыбные ,"Коктейль из морепродуктов ""Каждый день""",https://roscontrol.com/files/images/products/2c/35/2c355764a7a7267b5927_product_category_2a6aa128.jpg,https://roscontrol.com/product/kokteyl-iz-moreproduktov-kagdiy-den/,,,,,
211, Рыба и морепродукты , Пресервы рыбные ,"Коктейль из морепродуктов ""Меридиан""",https://roscontrol.com/files/images/products/7c/2d/7c2d9ecc7ae3cc9fa97d_product_category_2a6aa128.jpg,https://roscontrol.com/product/kokteyl-iz-moreproduktov-meridian/,,,,,
212, Рыба и морепродукты , Пресервы рыбные ,"Коктейль из морепродуктов ""Русское море""",https://roscontrol.com/files/images/products/41/4e/414e252411fcca19ac46_product_category_2a6aa128.jpg,https://roscontrol.com/product/kokteyl-iz-moreproduktov-russkoe-more/,,,,,
213, Рыба и морепродукты , Пресервы рыбные ,"Филе сельди ""Каждый день"" кусочками",https://roscontrol.com/files/images/products/46/ec/46ec1a96b251649d4533_product_category_2a6aa128.jpg,https://roscontrol.com/product/file-seldi-kagdiy-den/,,,,,
214, Рыба и морепродукты , Пресервы рыбные ,"Филе сельди ""А`море"" кусочками",https://roscontrol.com/files/images/products/74/84/7484f4d754acfe91c2a7_product_category_2a6aa128.jpg,https://roscontrol.com/product/file-seldi-amore/,,,,,
215, Рыба и морепродукты , Пресервы рыбные ,Филе сельди Vici / Любо есть кусочками,https://roscontrol.com/files/images/products/c1/df/c1df20df8a68988e7149_product_category_2a6aa128.jpg,https://roscontrol.com/product/file-seldi-vici-lyubo-est/,,,,,
216, Рыба и морепродукты , Пресервы рыбные ,"Филе сельди ""Vici"" кусочками",https://roscontrol.com/files/images/products/87/fe/87fe368eb528e622d824_product_category_2a6aa128.jpg,https://roscontrol.com/product/vici-mate/,,,,,
217, Рыба и морепродукты , Пресервы рыбные ,Gustafsen,https://roscontrol.com/files/images/products/9c/dd/9cdd129fbd1f0a3c7dd9_product_category_2a6aa128.jpg,https://roscontrol.com/product/preservi-gustafsen/,,,,,
218, Рыба и морепродукты , Пресервы рыбные ,"""Томилинская""",https://roscontrol.com/files/images/products/62/ad/62add5d9aba20779abb9_product_category_2a6aa128.jpg,https://roscontrol.com/product/preservi-tomilinskaya/,,,,,
219, Рыба и морепродукты , Мидии ,Мидии Мидии Agama в створках,https://roscontrol.com/files/images/products/01/06/0106815a8a347b6d177a_product_category_2a6aa128.jpg,https://roscontrol.com/product/midii-agama-v-stvorkah/,,,,,
220, Рыба и морепродукты , Мидии ,"Мидии ""Бухта изобилия""",https://roscontrol.com/files/images/products/9e/7d/9e7df14c537b8d22ebf1_product_category_2a6aa128.jpg,https://roscontrol.com/product/myaso-midiy-buhta-izobiliya/,,,,,
221, Рыба и морепродукты , Мидии ,Мидии Delight очищенные,https://roscontrol.com/files/images/products/d5/4e/d54ee4d4d0538db8bece_product_category_2a6aa128.jpg,https://roscontrol.com/product/delight-ochishchennie/,,,,,
222, Рыба и морепродукты , Креветки ,"Креветки Agama, варено-мороженые, 70/90",https://roscontrol.com/files/images/products/13/a9/13a98c667c3fa7911489_product_category_2a6aa128.jpg,https://roscontrol.com/product/agama-vareno-morogenie-7090/,67,95,35,81,70
223, Рыба и морепродукты , Креветки ,"Креветки Polar, варёно-мороженые, 90/120",https://roscontrol.com/files/images/products/37/a6/37a618ade66f70de51f2_product_category_2a6aa128.jpg,https://roscontrol.com/product/polar-varno-morogenie-90120/,69,95,40,89,73
224, Рыба и морепродукты , Креветки ,"Креветки ""Новый океан"" королевские, варено-мороженные",https://roscontrol.com/files/images/products/a1/7b/a17bbfd857f9475b5a3b_product_category_2a6aa128.jpg,https://roscontrol.com/product/noviy-okean-korolevskie-vareno-morogennie/,90,85,41,92,77
225, Рыба и морепродукты , Креветки ,"Креветки Agama королевские, варено-мороженные",https://roscontrol.com/files/images/products/31/db/31db9055ebcea7f98370_product_category_2a6aa128.jpg,https://roscontrol.com/product/agama-korolevskie-vareno-morogennie/,87,95,41,74,74
226, Рыба и морепродукты , Креветки ,Креветки Polar premium,https://roscontrol.com/files/images/products/d6/0a/d60a4c2f54b2c87e1445_product_category_2a6aa128.jpg,https://roscontrol.com/product/krevetki-polar-premium/,86,95,37,98,79
227, Рыба и морепродукты , Креветки ,"Креветки VICI Приорити королевские, варено-мороженные",https://roscontrol.com/files/images/products/4e/7e/4e7ecbbee4745bace9ee_product_category_2a6aa128.jpg,https://roscontrol.com/product/vici-prioriti-korolevskie-vareno-morogennie/,87,80,35,60,
228, Рыба и морепродукты , Креветки ,Креветки Fish House,https://roscontrol.com/files/images/products/a0/48/a04890b86e228b0f1c8a_product_category_2a6aa128.jpg,https://roscontrol.com/product/krevetki-fish-house/,82,95,43,71,
229, Рыба и морепродукты , Креветки ,"Креветки Развесные ""Агама Роял Гринланд""",https://roscontrol.com/files/images/products/72/67/72679cac555b5c6dea62_product_category_2a6aa128.jpg,https://roscontrol.com/product/krevetki-ashan/,67,95,40,62,
230, Рыба и морепродукты , Креветки ,"Креветки ""Бухта изобилия""",https://roscontrol.com/files/images/products/c7/db/c7db1e8f03210fff509c_product_category_2a6aa128.jpg,https://roscontrol.com/product/krevetki-buhta-izobiliya/,84,95,40,70,
231, Рыба и морепродукты , Креветки ,"Креветки Borealis, варено-мороженые, 90/120",https://roscontrol.com/files/images/products/f7/08/f708c9708bf42d4f7c7f_product_category_2a6aa128.jpg,https://roscontrol.com/product/borealis-vareno-morogenie-90120/,,,,,
232, Рыба и морепродукты , Креветки ,"Креветки ""Бухта изобилия"", варено-мороженые, 70/90",https://roscontrol.com/files/images/products/ac/a2/aca2bc96eece95e30dd3_product_category_2a6aa128.jpg,https://roscontrol.com/product/buhta-izobiliya-vareno-morogenie/,,,,,
233, Рыба и морепродукты , Креветки ,"Креветки Fish&More, варено-мороженые, 70/90",https://roscontrol.com/files/images/products/40/e4/40e40dc7ad9984167d5e_product_category_2a6aa128.jpg,https://roscontrol.com/product/fishmore-vareno-morogenie-7090/,,,,,
234, Рыба и морепродукты , Креветки ,Креветки Креветки Eurospar варено-мороженые,https://roscontrol.com/files/images/products/d9/94/d994381069d9c015843a_product_category_2a6aa128.jpg,https://roscontrol.com/product/krevetki-eurospar-vareno-morogenie/,,,,,
235, Рыба и морепродукты , Креветки ,"Креветки Креветки ""Ашан"" варено-мороженые",https://roscontrol.com/files/images/products/31/13/31136745e3857a74b245_product_category_2a6aa128.jpg,https://roscontrol.com/product/krevetki-ashan-vareno-morogenie/,,,,,
236, Рыба и морепродукты , Креветки ,"Креветки Креветки ""Перекрёсток"" варено-мороженые",https://roscontrol.com/files/images/products/75/cb/75cb0d6fae069bba074b_product_category_2a6aa128.jpg,https://roscontrol.com/product/krevetki-perekrstok-vareno-morogenie/,,,,,
237, Рыба и морепродукты , Креветки ,"Креветки Polar королевские, варено-мороженные",https://roscontrol.com/files/images/products/13/b6/13b6b8cc3e4dc0e14f7a_product_category_2a6aa128.jpg,https://roscontrol.com/product/polar-korolevskie-vareno-morogennie/,,,,,
238, Рыба и морепродукты , Креветки ,"Креветки ""Globster"" королевские, варено-мороженые",https://roscontrol.com/files/images/products/6c/6e/6c6e9fe2bc4afa3bc32c_product_category_2a6aa128.jpg,https://roscontrol.com/product/globster-korolevskie-vareno-morogenie/,,,,,
239, Рыба и морепродукты , Креветки ,"Креветки ""Лагуна""",https://roscontrol.com/files/images/products/65/5f/655f1dbf9a9cdad94962_product_category_2a6aa128.jpg,https://roscontrol.com/product/krevetki-laguna/,,,,,
240, Рыба и морепродукты , Креветки ,"Креветки Креветки ""Виктория"" варено-мороженые",https://roscontrol.com/files/images/products/79/e5/79e5488e1fb6a1d445be_product_category_2a6aa128.jpg,https://roscontrol.com/product/krevetki-viktoriya-vareno-morogenie/,,,,,
241, Рыба и морепродукты , Креветки ,"Креветки Креветки ""Карусель"" варено-мороженые",https://roscontrol.com/files/images/products/8c/40/8c40b218c6a6b1df4ff1_product_category_2a6aa128.jpg,https://roscontrol.com/product/krevetki-karusel-vareno-morogenie/,,,,,
242, Рыба и морепродукты , Креветки ,"Креветки Креветки ""О`кей"" варено-мороженые",https://roscontrol.com/files/images/products/6c/f7/6cf772ee130c8021274c_product_category_2a6aa128.jpg,https://roscontrol.com/product/krevetki-okey-vareno-morogenie/,,,,,
243, Рыба и морепродукты , Креветки ,Креветки Emborg очищенные с хвостиком,https://roscontrol.com/files/images/products/7c/c5/7cc5985dee7619d3740d_product_category_2a6aa128.jpg,https://roscontrol.com/product/emborg-ochishchennie-s-hvostikom/,,,,,
244, Рыба и морепродукты , Креветки ,Креветки Agama Северные очищенные,https://roscontrol.com/files/images/products/5d/b8/5db87ec5699c3a28426e_product_category_2a6aa128.jpg,https://roscontrol.com/product/agama-severnie-ochishchennie/,,,,,
245, Рыба и морепродукты , Копченая рыба ," Масляная рыба ""Балтийский берег"" х/к",https://roscontrol.com/files/images/products/30/44/3044b8edb3783e637382_product_category_2a6aa128.jpg,https://roscontrol.com/product/maslyanaya-riba-baltiyskiy-bereg-hk/,75,9,80,49,55
246, Рыба и морепродукты , Копченая рыба ," Масляная рыба ""Олива"" х/к",https://roscontrol.com/files/images/products/7a/38/7a38c4897cbd4dfd6954_product_category_2a6aa128.jpg,https://roscontrol.com/product/maslyanaya-riba-oliva-hk/,58,8,85,54,52
247, Рыба и морепродукты , Копченая рыба , Мойва Selgros х/к,https://roscontrol.com/files/images/products/ac/8a/ac8a33f5a0f1ee50ad96_product_category_2a6aa128.jpg,https://roscontrol.com/product/moyva-selgros-hk/,71,31,65,65,60
248, Рыба и морепродукты , Копченая рыба ," Скумбрия ""Русское море"" х/к",https://roscontrol.com/files/images/products/0f/06/0f06acc5e0a61cbd5f93_product_category_2a6aa128.jpg,https://roscontrol.com/product/skumbriya-russkoe-more-hk/,82,45,70,84,73
249, Рыба и морепродукты , Копченая рыба , Скумбрия Vici х/к,https://roscontrol.com/files/images/products/5e/07/5e07d26ac1123dbcc7a2_product_category_2a6aa128.jpg,https://roscontrol.com/product/skumbriya-vici-hk/,79,54,70,82,73
250, Рыба и морепродукты , Копченая рыба ," Скумбрия VICI/""Любо есть"" х/к",https://roscontrol.com/files/images/products/4d/ab/4dab2110ffa06200183b_product_category_2a6aa128.jpg,https://roscontrol.com/product/skumbriya-vicilyubo-est-hk/,80,10,70,60,58
251, Рыба и морепродукты , Копченая рыба ," Масляная рыба ""А`море"" х/к",https://roscontrol.com/files/images/products/f6/56/f656bf1c3b242b79a34b_product_category_2a6aa128.jpg,https://roscontrol.com/product/maslyanaya-riba-amore-hk/,0,3,75,40,
252, Рыба и морепродукты , Копченая рыба ," Мойва ""Рыбная история"" х/к",https://roscontrol.com/files/images/products/71/96/719641265e32e290f8a1_product_category_2a6aa128.jpg,https://roscontrol.com/product/moyva-ribnaya-istoriya-hk/,75,30,55,25,
253, Рыба и морепродукты , Копченая рыба ," Масляная рыба ""Океан"" х/к",https://roscontrol.com/files/images/products/8e/95/8e95cdbbdbd45def13c2_product_category_2a6aa128.jpg,https://roscontrol.com/product/maslyanaya-riba-okean-hk/,,,,,
254, Рыба и морепродукты , Копченая рыба ," Масляная рыба ""Меридиан"" х/к",https://roscontrol.com/files/images/products/7a/99/7a99216c66b1088c2a2c_product_category_2a6aa128.jpg,https://roscontrol.com/product/maslyanaya-riba-meridian-hk/,,,,,
255, Рыба и морепродукты , Копченая рыба ," Скумбрия Billa, х/к",https://roscontrol.com/files/images/products/89/f0/89f04083897f0e70a566_product_category_2a6aa128.jpg,https://roscontrol.com/product/skumbriya-billa-hk/,,,,,
256, Рыба и морепродукты , Копченая рыба ," Скумбрия ""Fish Fabric / Русскiй буфетъ"", х/к",https://roscontrol.com/files/images/products/6e/7f/6e7fba78194f3623243a_product_category_2a6aa128.jpg,https://roscontrol.com/product/skumbriya-fish-fabric-russkiy-bufet-hk/,,,,,
257, Рыба и морепродукты , Копченая рыба ," Скумбрия ""А`море"" х/к",https://roscontrol.com/files/images/products/44/80/44806d91a70ad2764aeb_product_category_2a6aa128.jpg,https://roscontrol.com/product/skumbriya-amore-hk/,,,,,
258, Рыба и морепродукты , Копченая рыба ," Скумбрия ""СТМ"" х/к",https://roscontrol.com/files/images/products/12/fd/12fda4881b5729c31a8a_product_category_2a6aa128.jpg,https://roscontrol.com/product/skumbriya-stm-hk/,,,,,
259, Рыба и морепродукты , Копченая рыба ," Скумбрия ""Балтийский берег"" х/к",https://roscontrol.com/files/images/products/17/04/17049f8b361040ee98b0_product_category_2a6aa128.jpg,https://roscontrol.com/product/skumbriya-baltiyskiy-bereg-hk/,,,,,
260, Рыба и морепродукты , Копченая рыба ," Мойва ""Каждый день"" х/к",https://roscontrol.com/files/images/products/9e/e8/9ee854a5c2ddc1791036_product_category_2a6aa128.jpg,https://roscontrol.com/product/moyva-kagdiy-den-hk/,,,,,
261, Рыба и морепродукты , Копченая рыба , Мойва Leor х/к,https://roscontrol.com/files/images/products/b5/18/b5181acad87ef5bada8d_product_category_2a6aa128.jpg,https://roscontrol.com/product/moyva-leor-hk/,,,,,
262, Рыба и морепродукты , Копченая рыба ," Мойва ""Томилинская"" х/к",https://roscontrol.com/files/images/products/c9/01/c901f21c42ded9ee80cf_product_category_2a6aa128.jpg,https://roscontrol.com/product/moyva-tomilinskaya-hk/,,,,,
263, Рыба и морепродукты , Копченая рыба ," Скумбрия ""Олива"" х/к",https://roscontrol.com/files/images/products/0b/58/0b58781d167b61f05df5_product_category_2a6aa128.jpg,https://roscontrol.com/product/skumbriya-oliva-hk/,,,,,
264, Рыба и морепродукты , Копченая рыба , Скумбрия Fish House х/к,https://roscontrol.com/files/images/products/5a/e9/5ae9ee1e17cbbe688d66_product_category_2a6aa128.jpg,https://roscontrol.com/product/skumbriya-fish-house-hk/,,,,,
265, Рыба и морепродукты , Копченая рыба ," Скумбрия холодного копчения ""Д"" кусочки",https://roscontrol.com/files/images/products/46/cd/46cdb3490c9f55ae7ad6_product_category_2a6aa128.jpg,https://roscontrol.com/product/skumbriia-kholodnogo-kopcheniia-d-kusochki/,,,,,
266, Рыба и морепродукты , Морская капуста ,"Салат из морской капусты ""Спецзаказ""",https://roscontrol.com/files/images/products/d4/03/d40315ebe44ebd37feb9_product_category_2a6aa128.jpg,https://roscontrol.com/product/salat-iz-morskoy-kapusti-spetszakaz/,71,41,65,77,66
267, Рыба и морепродукты , Морская капуста ,"Салат из морской капусты ""Морская миля""",https://roscontrol.com/files/images/products/7b/14/7b14faa38ed12dc4d973_product_category_2a6aa128.jpg,https://roscontrol.com/product/salat-iz-morskoy-kapusti-morskaya-milya/,59,38,65,63,57
268, Рыба и морепродукты , Морская капуста ,"Салат из морской капусты ""Морская радуга""",https://roscontrol.com/files/images/products/a5/41/a5418f332eb377c1666a_product_category_2a6aa128.jpg,https://roscontrol.com/product/salat-iz-morskoy-kapusti-morskaya-raduga/,80,40,65,68,65
269, Рыба и морепродукты , Морская капуста ,"Салат из морской капусты ""Доброфлот""",https://roscontrol.com/files/images/products/7f/9a/7f9ae8ea2a92e2e742c2_product_category_2a6aa128.jpg,https://roscontrol.com/product/salat-iz-morskoy-kapusti-dobroflot/,70,41,60,80,65
270, Рыба и морепродукты , Морская капуста ,"Салат из морской капусты ""5 морей""",https://roscontrol.com/files/images/products/4d/20/4d2035cdbdda3b2b1b96_product_category_2a6aa128.jpg,https://roscontrol.com/product/salat-iz-morskoy-kapusti-5-morey/,82,39,65,71,67
271, Рыба и морепродукты , Морская капуста ,"Салат из морской капусты ""Капитан вкусов""",https://roscontrol.com/files/images/products/cf/e0/cfe0c7b165ae93d8b8d1_product_category_2a6aa128.jpg,https://roscontrol.com/product/salat-iz-morskoy-kapusti-kapitan-vkusov/,81,29,60,43,55
272, Рыба и морепродукты , Морская капуста ,"Салат из морской капусты ""Беринг""",https://roscontrol.com/files/images/products/01/55/015570c96fe183129e4d_product_category_2a6aa128.jpg,https://roscontrol.com/product/salat-iz-morskoy-kapusti-bering/,83,35,65,54,61
273, Рыба и морепродукты , Морская капуста ,"Салат из морской капусты ""Морской котик""",https://roscontrol.com/files/images/products/5c/65/5c656902ce6a521a83ea_product_category_2a6aa128.jpg,https://roscontrol.com/product/morskaya-kapusta-morskoy-kotik/,85,25,60,47,
274, Рыба и морепродукты , Вяленая рыба ,"Вобла ""Блесна / Дикси"" вяленая",https://roscontrol.com/files/images/products/95/a5/95a59d78f20c25f5698e_product_category_2a6aa128.jpg,https://roscontrol.com/product/vobla-blesna-diksi-vyalenaya/,41,65,89,18,
275, Рыба и морепродукты , Вяленая рыба ,Вобла Plesk вяленая,https://roscontrol.com/files/images/products/a3/99/a3999efbd59fe209d7cd_product_category_2a6aa128.jpg,https://roscontrol.com/product/vobla-plesk-vyalenaya/,42,65,78,17,
276, Рыба и морепродукты , Вяленая рыба ,"Вобла ""Фландерр / МастерСнэк"" вяленая",https://roscontrol.com/files/images/products/6f/91/6f91188c128c3c7f7ee8_product_category_2a6aa128.jpg,https://roscontrol.com/product/vobla-flanderr-mastersnek-vyalenaya/,32,50,70,21,
277, Рыба и морепродукты , Вяленая рыба ,"Вобла ""Олива"" вяленая",https://roscontrol.com/files/images/products/e2/4c/e24c3295af8c4be4a2de_product_category_2a6aa128.jpg,https://roscontrol.com/product/vobla-oliva-vyalenaya/,32,55,63,19,
278, Рыба и морепродукты , Вяленая рыба ,"Вобла ""Вяльково"" вяленая",https://roscontrol.com/files/images/products/79/f6/79f6a1c9a33072ceedb2_product_category_2a6aa128.jpg,https://roscontrol.com/product/vobla-vyalkovo-vyalenaya/,42,75,82,14,
279, Рыба и морепродукты , Свежая рыба ,"Карп ""Перекресток"" живой",https://roscontrol.com/files/images/products/65/3d/653dffc246f38935cfdf_product_category_2a6aa128.jpg,https://roscontrol.com/product/karp-perekrestok-givoy/,54,52,90,54,61
280, Рыба и морепродукты , Свежая рыба ,"Карп ""Ашан"" живой",https://roscontrol.com/files/images/products/17/41/174167cddfde30ab241f_product_category_2a6aa128.jpg,https://roscontrol.com/product/karp-ashan-givoy/,51,52,90,62,62
281, Рыба и морепродукты , Свежая рыба ,Карп Selgros живой,https://roscontrol.com/files/images/products/98/bb/98bb426a21238463a957_product_category_2a6aa128.jpg,https://roscontrol.com/product/karp-selgros-givoy/,78,52,90,62,70
282, Рыба и морепродукты , Свежая рыба ,Карп Metro живой,https://roscontrol.com/files/images/products/f5/6b/f56b90aa225a2a04b34c_product_category_2a6aa128.jpg,https://roscontrol.com/product/karp-metro-ohlagdenniy/,76,52,90,52,67
283, Рыба и морепродукты , Свежая рыба ,"Карп ""О`кей"" живой",https://roscontrol.com/files/images/products/23/cd/23cd0dcb58a48270149d_product_category_2a6aa128.jpg,https://roscontrol.com/product/karp-okey-givoy/,43,52,90,13,
284, Рыба и морепродукты , Свежая рыба ,"Карп ""Глобус живой",https://roscontrol.com/files/images/products/b4/f1/b4f159fb2bcd0364f2bc_product_category_2a6aa128.jpg,https://roscontrol.com/product/karp-globus-ohlagdenniy/,72,31,90,38,
